EmployeeNumber,Department,ManagerName,Location
1,Sales,Ankit Verma,Delhi
2,Research & Development,Nikita Khanduri,Bangalore
4,Research & Development,Nikita Khanduri,Bangalore
5,Research & Development,Nikita Khanduri,Bangalore
7,Research & Development,Nikita Khanduri,Bangalore
8,Research & Development,Nikita Khanduri,Bangalore
10,Research & Development,Nikita Khanduri,Bangalore
11,Research & Development,Nikita Khanduri,Bangalore
12,Research & Development,Nikita Khanduri,Bangalore
13,Research & Development,Nikita Khanduri,Bangalore
14,Research & Development,Nikita Khanduri,Bangalore
15,Research & Development,Nikita Khanduri,Bangalore
16,Research & Development,Nikita Khanduri,Bangalore
18,Research & Development,Nikita Khanduri,Bangalore
19,Research & Development,Nikita Khanduri,Bangalore
20,Research & Development,Nikita Khanduri,Bangalore
21,Research & Development,Nikita Khanduri,Bangalore
22,Research & Development,Nikita Khanduri,Bangalore
23,Sales,Ankit Verma,Delhi
24,Research & Development,Nikita Khanduri,Bangalore
26,Research & Development,Nikita Khanduri,Bangalore
27,Sales,Ankit Verma,Delhi
28,Research & Development,Nikita Khanduri,Bangalore
30,Research & Development,Nikita Khanduri,Bangalore
31,Research & Development,Nikita Khanduri,Bangalore
32,Research & Development,Nikita Khanduri,Bangalore
33,Research & Development,Nikita Khanduri,Bangalore
35,Sales,Ankit Verma,Delhi
36,Research & Development,Nikita Khanduri,Bangalore
38,Sales,Ankit Verma,Delhi
39,Research & Development,Nikita Khanduri,Bangalore
40,Research & Development,Nikita Khanduri,Bangalore
41,Research & Development,Nikita Khanduri,Bangalore
42,Sales,Ankit Verma,Delhi
45,Research & Development,Nikita Khanduri,Bangalore
46,Research & Development,Nikita Khanduri,Bangalore
47,Sales,Ankit Verma,Delhi
49,Sales,Ankit Verma,Delhi
51,Research & Development,Nikita Khanduri,Bangalore
52,Sales,Ankit Verma,Delhi
53,Research & Development,Nikita Khanduri,Bangalore
54,Research & Development,Nikita Khanduri,Bangalore
55,Research & Development,Nikita Khanduri,Bangalore
56,Sales,Ankit Verma,Delhi
57,Research & Development,Nikita Khanduri,Bangalore
58,Research & Development,Nikita Khanduri,Bangalore
60,Sales,Ankit Verma,Delhi
61,Research & Development,Nikita Khanduri,Bangalore
62,Sales,Ankit Verma,Delhi
63,Research & Development,Nikita Khanduri,Bangalore
64,Research & Development,Nikita Khanduri,Bangalore
65,Research & Development,Nikita Khanduri,Bangalore
68,Sales,Ankit Verma,Delhi
70,Research & Development,Nikita Khanduri,Bangalore
72,Sales,Ankit Verma,Delhi
73,Research & Development,Nikita Khanduri,Bangalore
74,Sales,Ankit Verma,Delhi
75,Research & Development,Nikita Khanduri,Bangalore
76,Research & Development,Nikita Khanduri,Bangalore
77,Research & Development,Nikita Khanduri,Bangalore
78,Research & Development,Nikita Khanduri,Bangalore
79,Research & Development,Nikita Khanduri,Bangalore
80,Research & Development,Nikita Khanduri,Bangalore
81,Sales,Ankit Verma,Delhi
83,Research & Development,Nikita Khanduri,Bangalore
84,Research & Development,Nikita Khanduri,Bangalore
85,Research & Development,Nikita Khanduri,Bangalore
86,Research & Development,Nikita Khanduri,Bangalore
88,Research & Development,Nikita Khanduri,Bangalore
90,Research & Development,Nikita Khanduri,Bangalore
91,Sales,Ankit Verma,Delhi
94,Research & Development,Nikita Khanduri,Bangalore
95,Research & Development,Nikita Khanduri,Bangalore
96,Research & Development,Nikita Khanduri,Bangalore
97,Research & Development,Nikita Khanduri,Bangalore
98,Research & Development,Nikita Khanduri,Bangalore
100,Sales,Ankit Verma,Delhi
101,Research & Development,Nikita Khanduri,Bangalore
102,Research & Development,Nikita Khanduri,Bangalore
103,Human Resources,Eklavya Shukla,Mumbai
104,Research & Development,Nikita Khanduri,Bangalore
105,Research & Development,Nikita Khanduri,Bangalore
106,Sales,Ankit Verma,Delhi
107,Research & Development,Nikita Khanduri,Bangalore
110,Research & Development,Nikita Khanduri,Bangalore
112,Research & Development,Nikita Khanduri,Bangalore
113,Sales,Ankit Verma,Delhi
116,Research & Development,Nikita Khanduri,Bangalore
117,Research & Development,Nikita Khanduri,Bangalore
118,Sales,Ankit Verma,Delhi
119,Research & Development,Nikita Khanduri,Bangalore
120,Sales,Ankit Verma,Delhi
121,Sales,Ankit Verma,Delhi
124,Research & Development,Nikita Khanduri,Bangalore
125,Sales,Ankit Verma,Delhi
126,Research & Development,Nikita Khanduri,Bangalore
128,Sales,Ankit Verma,Delhi
129,Sales,Ankit Verma,Delhi
131,Sales,Ankit Verma,Delhi
132,Research & Development,Nikita Khanduri,Bangalore
133,Human Resources,Eklavya Shukla,Mumbai
134,Research & Development,Nikita Khanduri,Bangalore
137,Research & Development,Nikita Khanduri,Bangalore
138,Research & Development,Nikita Khanduri,Bangalore
139,Research & Development,Nikita Khanduri,Bangalore
140,Human Resources,Eklavya Shukla,Mumbai
141,Research & Development,Nikita Khanduri,Bangalore
142,Sales,Ankit Verma,Delhi
143,Research & Development,Nikita Khanduri,Bangalore
144,Research & Development,Nikita Khanduri,Bangalore
145,Research & Development,Nikita Khanduri,Bangalore
147,Research & Development,Nikita Khanduri,Bangalore
148,Human Resources,Eklavya Shukla,Mumbai
150,Research & Development,Nikita Khanduri,Bangalore
151,Research & Development,Nikita Khanduri,Bangalore
152,Sales,Ankit Verma,Delhi
153,Research & Development,Nikita Khanduri,Bangalore
154,Sales,Ankit Verma,Delhi
155,Research & Development,Nikita Khanduri,Bangalore
158,Sales,Ankit Verma,Delhi
159,Research & Development,Nikita Khanduri,Bangalore
160,Sales,Ankit Verma,Delhi
161,Research & Development,Nikita Khanduri,Bangalore
162,Research & Development,Nikita Khanduri,Bangalore
163,Sales,Ankit Verma,Delhi
164,Research & Development,Nikita Khanduri,Bangalore
165,Research & Development,Nikita Khanduri,Bangalore
167,Sales,Ankit Verma,Delhi
169,Research & Development,Nikita Khanduri,Bangalore
170,Research & Development,Nikita Khanduri,Bangalore
171,Research & Development,Nikita Khanduri,Bangalore
174,Sales,Ankit Verma,Delhi
175,Sales,Ankit Verma,Delhi
176,Sales,Ankit Verma,Delhi
177,Human Resources,Eklavya Shukla,Mumbai
178,Research & Development,Nikita Khanduri,Bangalore
179,Research & Development,Nikita Khanduri,Bangalore
182,Sales,Ankit Verma,Delhi
183,Sales,Ankit Verma,Delhi
184,Human Resources,Eklavya Shukla,Mumbai
190,Research & Development,Nikita Khanduri,Bangalore
192,Research & Development,Nikita Khanduri,Bangalore
193,Research & Development,Nikita Khanduri,Bangalore
194,Research & Development,Nikita Khanduri,Bangalore
195,Sales,Ankit Verma,Delhi
197,Research & Development,Nikita Khanduri,Bangalore
198,Research & Development,Nikita Khanduri,Bangalore
199,Research & Development,Nikita Khanduri,Bangalore
200,Research & Development,Nikita Khanduri,Bangalore
201,Research & Development,Nikita Khanduri,Bangalore
202,Research & Development,Nikita Khanduri,Bangalore
204,Sales,Ankit Verma,Delhi
205,Sales,Ankit Verma,Delhi
206,Research & Development,Nikita Khanduri,Bangalore
207,Sales,Ankit Verma,Delhi
208,Research & Development,Nikita Khanduri,Bangalore
211,Research & Development,Nikita Khanduri,Bangalore
214,Research & Development,Nikita Khanduri,Bangalore
215,Sales,Ankit Verma,Delhi
216,Sales,Ankit Verma,Delhi
217,Research & Development,Nikita Khanduri,Bangalore
218,Research & Development,Nikita Khanduri,Bangalore
221,Research & Development,Nikita Khanduri,Bangalore
223,Research & Development,Nikita Khanduri,Bangalore
224,Research & Development,Nikita Khanduri,Bangalore
226,Research & Development,Nikita Khanduri,Bangalore
227,Research & Development,Nikita Khanduri,Bangalore
228,Sales,Ankit Verma,Delhi
230,Sales,Ankit Verma,Delhi
231,Research & Development,Nikita Khanduri,Bangalore
233,Research & Development,Nikita Khanduri,Bangalore
235,Sales,Ankit Verma,Delhi
238,Research & Development,Nikita Khanduri,Bangalore
239,Research & Development,Nikita Khanduri,Bangalore
240,Sales,Ankit Verma,Delhi
241,Research & Development,Nikita Khanduri,Bangalore
242,Research & Development,Nikita Khanduri,Bangalore
243,Research & Development,Nikita Khanduri,Bangalore
244,Sales,Ankit Verma,Delhi
245,Research & Development,Nikita Khanduri,Bangalore
246,Research & Development,Nikita Khanduri,Bangalore
247,Research & Development,Nikita Khanduri,Bangalore
248,Sales,Ankit Verma,Delhi
249,Research & Development,Nikita Khanduri,Bangalore
250,Research & Development,Nikita Khanduri,Bangalore
252,Research & Development,Nikita Khanduri,Bangalore
253,Research & Development,Nikita Khanduri,Bangalore
254,Research & Development,Nikita Khanduri,Bangalore
256,Research & Development,Nikita Khanduri,Bangalore
258,Research & Development,Nikita Khanduri,Bangalore
259,Research & Development,Nikita Khanduri,Bangalore
260,Research & Development,Nikita Khanduri,Bangalore
261,Research & Development,Nikita Khanduri,Bangalore
262,Research & Development,Nikita Khanduri,Bangalore
264,Research & Development,Nikita Khanduri,Bangalore
267,Research & Development,Nikita Khanduri,Bangalore
269,Research & Development,Nikita Khanduri,Bangalore
270,Research & Development,Nikita Khanduri,Bangalore
271,Research & Development,Nikita Khanduri,Bangalore
273,Research & Development,Nikita Khanduri,Bangalore
274,Research & Development,Nikita Khanduri,Bangalore
275,Research & Development,Nikita Khanduri,Bangalore
277,Research & Development,Nikita Khanduri,Bangalore
281,Research & Development,Nikita Khanduri,Bangalore
282,Research & Development,Nikita Khanduri,Bangalore
283,Sales,Ankit Verma,Delhi
284,Research & Development,Nikita Khanduri,Bangalore
286,Research & Development,Nikita Khanduri,Bangalore
287,Research & Development,Nikita Khanduri,Bangalore
288,Research & Development,Nikita Khanduri,Bangalore
291,Sales,Ankit Verma,Delhi
292,Research & Development,Nikita Khanduri,Bangalore
293,Sales,Ankit Verma,Delhi
296,Research & Development,Nikita Khanduri,Bangalore
297,Research & Development,Nikita Khanduri,Bangalore
298,Sales,Ankit Verma,Delhi
299,Sales,Ankit Verma,Delhi
300,Research & Development,Nikita Khanduri,Bangalore
302,Sales,Ankit Verma,Delhi
303,Sales,Ankit Verma,Delhi
304,Research & Development,Nikita Khanduri,Bangalore
305,Research & Development,Nikita Khanduri,Bangalore
306,Research & Development,Nikita Khanduri,Bangalore
307,Sales,Ankit Verma,Delhi
308,Research & Development,Nikita Khanduri,Bangalore
309,Research & Development,Nikita Khanduri,Bangalore
311,Sales,Ankit Verma,Delhi
312,Sales,Ankit Verma,Delhi
314,Sales,Ankit Verma,Delhi
315,Research & Development,Nikita Khanduri,Bangalore
316,Research & Development,Nikita Khanduri,Bangalore
319,Research & Development,Nikita Khanduri,Bangalore
321,Human Resources,Eklavya Shukla,Mumbai
323,Sales,Ankit Verma,Delhi
325,Research & Development,Nikita Khanduri,Bangalore
327,Sales,Ankit Verma,Delhi
328,Research & Development,Nikita Khanduri,Bangalore
329,Sales,Ankit Verma,Delhi
330,Sales,Ankit Verma,Delhi
331,Research & Development,Nikita Khanduri,Bangalore
332,Research & Development,Nikita Khanduri,Bangalore
333,Sales,Ankit Verma,Delhi
334,Research & Development,Nikita Khanduri,Bangalore
335,Research & Development,Nikita Khanduri,Bangalore
336,Research & Development,Nikita Khanduri,Bangalore
337,Research & Development,Nikita Khanduri,Bangalore
338,Research & Development,Nikita Khanduri,Bangalore
339,Research & Development,Nikita Khanduri,Bangalore
340,Research & Development,Nikita Khanduri,Bangalore
341,Research & Development,Nikita Khanduri,Bangalore
342,Research & Development,Nikita Khanduri,Bangalore
343,Research & Development,Nikita Khanduri,Bangalore
346,Research & Development,Nikita Khanduri,Bangalore
347,Research & Development,Nikita Khanduri,Bangalore
349,Sales,Ankit Verma,Delhi
350,Research & Development,Nikita Khanduri,Bangalore
351,Research & Development,Nikita Khanduri,Bangalore
352,Research & Development,Nikita Khanduri,Bangalore
353,Research & Development,Nikita Khanduri,Bangalore
355,Research & Development,Nikita Khanduri,Bangalore
359,Research & Development,Nikita Khanduri,Bangalore
361,Sales,Ankit Verma,Delhi
362,Research & Development,Nikita Khanduri,Bangalore
363,Sales,Ankit Verma,Delhi
364,Research & Development,Nikita Khanduri,Bangalore
366,Sales,Ankit Verma,Delhi
367,Research & Development,Nikita Khanduri,Bangalore
369,Research & Development,Nikita Khanduri,Bangalore
372,Research & Development,Nikita Khanduri,Bangalore
373,Research & Development,Nikita Khanduri,Bangalore
374,Research & Development,Nikita Khanduri,Bangalore
376,Research & Development,Nikita Khanduri,Bangalore
377,Research & Development,Nikita Khanduri,Bangalore
378,Sales,Ankit Verma,Delhi
379,Research & Development,Nikita Khanduri,Bangalore
380,Research & Development,Nikita Khanduri,Bangalore
381,Research & Development,Nikita Khanduri,Bangalore
382,Sales,Ankit Verma,Delhi
384,Research & Development,Nikita Khanduri,Bangalore
385,Research & Development,Nikita Khanduri,Bangalore
386,Research & Development,Nikita Khanduri,Bangalore
387,Sales,Ankit Verma,Delhi
388,Sales,Ankit Verma,Delhi
389,Research & Development,Nikita Khanduri,Bangalore
390,Research & Development,Nikita Khanduri,Bangalore
391,Research & Development,Nikita Khanduri,Bangalore
392,Research & Development,Nikita Khanduri,Bangalore
393,Research & Development,Nikita Khanduri,Bangalore
394,Research & Development,Nikita Khanduri,Bangalore
395,Research & Development,Nikita Khanduri,Bangalore
396,Research & Development,Nikita Khanduri,Bangalore
397,Research & Development,Nikita Khanduri,Bangalore
399,Sales,Ankit Verma,Delhi
401,Sales,Ankit Verma,Delhi
403,Research & Development,Nikita Khanduri,Bangalore
404,Sales,Ankit Verma,Delhi
405,Research & Development,Nikita Khanduri,Bangalore
406,Sales,Ankit Verma,Delhi
407,Research & Development,Nikita Khanduri,Bangalore
408,Research & Development,Nikita Khanduri,Bangalore
410,Sales,Ankit Verma,Delhi
411,Sales,Ankit Verma,Delhi
412,Research & Development,Nikita Khanduri,Bangalore
416,Sales,Ankit Verma,Delhi
417,Research & Development,Nikita Khanduri,Bangalore
419,Research & Development,Nikita Khanduri,Bangalore
420,Sales,Ankit Verma,Delhi
421,Research & Development,Nikita Khanduri,Bangalore
422,Research & Development,Nikita Khanduri,Bangalore
423,Research & Development,Nikita Khanduri,Bangalore
424,Human Resources,Eklavya Shukla,Mumbai
425,Research & Development,Nikita Khanduri,Bangalore
426,Research & Development,Nikita Khanduri,Bangalore
428,Research & Development,Nikita Khanduri,Bangalore
429,Research & Development,Nikita Khanduri,Bangalore
430,Research & Development,Nikita Khanduri,Bangalore
431,Research & Development,Nikita Khanduri,Bangalore
433,Research & Development,Nikita Khanduri,Bangalore
434,Research & Development,Nikita Khanduri,Bangalore
436,Sales,Ankit Verma,Delhi
437,Sales,Ankit Verma,Delhi
438,Sales,Ankit Verma,Delhi
439,Research & Development,Nikita Khanduri,Bangalore
440,Research & Development,Nikita Khanduri,Bangalore
441,Research & Development,Nikita Khanduri,Bangalore
442,Research & Development,Nikita Khanduri,Bangalore
444,Research & Development,Nikita Khanduri,Bangalore
445,Sales,Ankit Verma,Delhi
446,Sales,Ankit Verma,Delhi
447,Research & Development,Nikita Khanduri,Bangalore
448,Research & Development,Nikita Khanduri,Bangalore
449,Sales,Ankit Verma,Delhi
450,Research & Development,Nikita Khanduri,Bangalore
451,Research & Development,Nikita Khanduri,Bangalore
452,Research & Development,Nikita Khanduri,Bangalore
453,Sales,Ankit Verma,Delhi
454,Research & Development,Nikita Khanduri,Bangalore
455,Research & Development,Nikita Khanduri,Bangalore
456,Sales,Ankit Verma,Delhi
458,Sales,Ankit Verma,Delhi
460,Research & Development,Nikita Khanduri,Bangalore
461,Research & Development,Nikita Khanduri,Bangalore
462,Research & Development,Nikita Khanduri,Bangalore
463,Sales,Ankit Verma,Delhi
464,Research & Development,Nikita Khanduri,Bangalore
465,Research & Development,Nikita Khanduri,Bangalore
466,Research & Development,Nikita Khanduri,Bangalore
467,Sales,Ankit Verma,Delhi
468,Research & Development,Nikita Khanduri,Bangalore
469,Sales,Ankit Verma,Delhi
470,Human Resources,Eklavya Shukla,Mumbai
471,Research & Development,Nikita Khanduri,Bangalore
473,Sales,Ankit Verma,Delhi
474,Research & Development,Nikita Khanduri,Bangalore
475,Sales,Ankit Verma,Delhi
476,Sales,Ankit Verma,Delhi
477,Research & Development,Nikita Khanduri,Bangalore
478,Sales,Ankit Verma,Delhi
479,Sales,Ankit Verma,Delhi
481,Sales,Ankit Verma,Delhi
482,Research & Development,Nikita Khanduri,Bangalore
483,Research & Development,Nikita Khanduri,Bangalore
484,Sales,Ankit Verma,Delhi
485,Sales,Ankit Verma,Delhi
486,Research & Development,Nikita Khanduri,Bangalore
487,Research & Development,Nikita Khanduri,Bangalore
488,Sales,Ankit Verma,Delhi
491,Research & Development,Nikita Khanduri,Bangalore
492,Sales,Ankit Verma,Delhi
493,Research & Development,Nikita Khanduri,Bangalore
494,Sales,Ankit Verma,Delhi
495,Research & Development,Nikita Khanduri,Bangalore
496,Research & Development,Nikita Khanduri,Bangalore
497,Research & Development,Nikita Khanduri,Bangalore
498,Sales,Ankit Verma,Delhi
499,Research & Development,Nikita Khanduri,Bangalore
500,Sales,Ankit Verma,Delhi
501,Research & Development,Nikita Khanduri,Bangalore
502,Sales,Ankit Verma,Delhi
505,Research & Development,Nikita Khanduri,Bangalore
507,Sales,Ankit Verma,Delhi
508,Sales,Ankit Verma,Delhi
510,Research & Development,Nikita Khanduri,Bangalore
511,Research & Development,Nikita Khanduri,Bangalore
513,Sales,Ankit Verma,Delhi
514,Research & Development,Nikita Khanduri,Bangalore
515,Research & Development,Nikita Khanduri,Bangalore
516,Sales,Ankit Verma,Delhi
517,Research & Development,Nikita Khanduri,Bangalore
518,Research & Development,Nikita Khanduri,Bangalore
520,Research & Development,Nikita Khanduri,Bangalore
521,Research & Development,Nikita Khanduri,Bangalore
522,Research & Development,Nikita Khanduri,Bangalore
523,Sales,Ankit Verma,Delhi
524,Research & Development,Nikita Khanduri,Bangalore
525,Research & Development,Nikita Khanduri,Bangalore
526,Research & Development,Nikita Khanduri,Bangalore
527,Sales,Ankit Verma,Delhi
529,Research & Development,Nikita Khanduri,Bangalore
530,Research & Development,Nikita Khanduri,Bangalore
531,Research & Development,Nikita Khanduri,Bangalore
532,Sales,Ankit Verma,Delhi
533,Sales,Ankit Verma,Delhi
534,Sales,Ankit Verma,Delhi
536,Research & Development,Nikita Khanduri,Bangalore
538,Research & Development,Nikita Khanduri,Bangalore
543,Research & Development,Nikita Khanduri,Bangalore
544,Research & Development,Nikita Khanduri,Bangalore
546,Research & Development,Nikita Khanduri,Bangalore
547,Research & Development,Nikita Khanduri,Bangalore
548,Research & Development,Nikita Khanduri,Bangalore
549,Research & Development,Nikita Khanduri,Bangalore
550,Research & Development,Nikita Khanduri,Bangalore
551,Research & Development,Nikita Khanduri,Bangalore
554,Sales,Ankit Verma,Delhi
555,Sales,Ankit Verma,Delhi
556,Research & Development,Nikita Khanduri,Bangalore
558,Sales,Ankit Verma,Delhi
560,Research & Development,Nikita Khanduri,Bangalore
562,Research & Development,Nikita Khanduri,Bangalore
564,Research & Development,Nikita Khanduri,Bangalore
565,Research & Development,Nikita Khanduri,Bangalore
566,Human Resources,Eklavya Shukla,Mumbai
567,Sales,Ankit Verma,Delhi
568,Sales,Ankit Verma,Delhi
569,Research & Development,Nikita Khanduri,Bangalore
571,Research & Development,Nikita Khanduri,Bangalore
573,Sales,Ankit Verma,Delhi
574,Research & Development,Nikita Khanduri,Bangalore
575,Research & Development,Nikita Khanduri,Bangalore
577,Research & Development,Nikita Khanduri,Bangalore
578,Research & Development,Nikita Khanduri,Bangalore
579,Research & Development,Nikita Khanduri,Bangalore
580,Sales,Ankit Verma,Delhi
581,Research & Development,Nikita Khanduri,Bangalore
582,Research & Development,Nikita Khanduri,Bangalore
584,Research & Development,Nikita Khanduri,Bangalore
585,Sales,Ankit Verma,Delhi
586,Research & Development,Nikita Khanduri,Bangalore
587,Research & Development,Nikita Khanduri,Bangalore
590,Human Resources,Eklavya Shukla,Mumbai
591,Research & Development,Nikita Khanduri,Bangalore
592,Sales,Ankit Verma,Delhi
593,Research & Development,Nikita Khanduri,Bangalore
595,Sales,Ankit Verma,Delhi
597,Sales,Ankit Verma,Delhi
599,Sales,Ankit Verma,Delhi
600,Sales,Ankit Verma,Delhi
601,Research & Development,Nikita Khanduri,Bangalore
602,Research & Development,Nikita Khanduri,Bangalore
604,Sales,Ankit Verma,Delhi
605,Research & Development,Nikita Khanduri,Bangalore
606,Sales,Ankit Verma,Delhi
608,Human Resources,Eklavya Shukla,Mumbai
611,Research & Development,Nikita Khanduri,Bangalore
612,Research & Development,Nikita Khanduri,Bangalore
613,Sales,Ankit Verma,Delhi
614,Sales,Ankit Verma,Delhi
615,Sales,Ankit Verma,Delhi
616,Research & Development,Nikita Khanduri,Bangalore
618,Sales,Ankit Verma,Delhi
620,Sales,Ankit Verma,Delhi
621,Sales,Ankit Verma,Delhi
622,Research & Development,Nikita Khanduri,Bangalore
623,Research & Development,Nikita Khanduri,Bangalore
624,Research & Development,Nikita Khanduri,Bangalore
625,Sales,Ankit Verma,Delhi
626,Sales,Ankit Verma,Delhi
630,Research & Development,Nikita Khanduri,Bangalore
631,Sales,Ankit Verma,Delhi
632,Sales,Ankit Verma,Delhi
634,Research & Development,Nikita Khanduri,Bangalore
635,Research & Development,Nikita Khanduri,Bangalore
638,Research & Development,Nikita Khanduri,Bangalore
639,Research & Development,Nikita Khanduri,Bangalore
641,Sales,Ankit Verma,Delhi
643,Research & Development,Nikita Khanduri,Bangalore
644,Human Resources,Eklavya Shukla,Mumbai
645,Sales,Ankit Verma,Delhi
647,Research & Development,Nikita Khanduri,Bangalore
648,Sales,Ankit Verma,Delhi
649,Research & Development,Nikita Khanduri,Bangalore
650,Sales,Ankit Verma,Delhi
652,Research & Development,Nikita Khanduri,Bangalore
653,Sales,Ankit Verma,Delhi
655,Research & Development,Nikita Khanduri,Bangalore
656,Sales,Ankit Verma,Delhi
657,Research & Development,Nikita Khanduri,Bangalore
659,Research & Development,Nikita Khanduri,Bangalore
661,Research & Development,Nikita Khanduri,Bangalore
662,Research & Development,Nikita Khanduri,Bangalore
663,Research & Development,Nikita Khanduri,Bangalore
664,Research & Development,Nikita Khanduri,Bangalore
665,Human Resources,Eklavya Shukla,Mumbai
666,Sales,Ankit Verma,Delhi
667,Sales,Ankit Verma,Delhi
669,Sales,Ankit Verma,Delhi
671,Research & Development,Nikita Khanduri,Bangalore
675,Research & Development,Nikita Khanduri,Bangalore
677,Sales,Ankit Verma,Delhi
679,Research & Development,Nikita Khanduri,Bangalore
680,Research & Development,Nikita Khanduri,Bangalore
682,Sales,Ankit Verma,Delhi
683,Research & Development,Nikita Khanduri,Bangalore
684,Sales,Ankit Verma,Delhi
686,Research & Development,Nikita Khanduri,Bangalore
689,Research & Development,Nikita Khanduri,Bangalore
690,Sales,Ankit Verma,Delhi
691,Research & Development,Nikita Khanduri,Bangalore
692,Research & Development,Nikita Khanduri,Bangalore
698,Human Resources,Eklavya Shukla,Mumbai
699,Research & Development,Nikita Khanduri,Bangalore
700,Research & Development,Nikita Khanduri,Bangalore
701,Research & Development,Nikita Khanduri,Bangalore
702,Research & Development,Nikita Khanduri,Bangalore
704,Research & Development,Nikita Khanduri,Bangalore
705,Research & Development,Nikita Khanduri,Bangalore
707,Sales,Ankit Verma,Delhi
709,Sales,Ankit Verma,Delhi
710,Research & Development,Nikita Khanduri,Bangalore
712,Sales,Ankit Verma,Delhi
714,Sales,Ankit Verma,Delhi
715,Research & Development,Nikita Khanduri,Bangalore
716,Research & Development,Nikita Khanduri,Bangalore
717,Research & Development,Nikita Khanduri,Bangalore
720,Sales,Ankit Verma,Delhi
721,Research & Development,Nikita Khanduri,Bangalore
722,Sales,Ankit Verma,Delhi
723,Sales,Ankit Verma,Delhi
724,Research & Development,Nikita Khanduri,Bangalore
725,Research & Development,Nikita Khanduri,Bangalore
727,Research & Development,Nikita Khanduri,Bangalore
728,Sales,Ankit Verma,Delhi
729,Sales,Ankit Verma,Delhi
730,Research & Development,Nikita Khanduri,Bangalore
731,Human Resources,Eklavya Shukla,Mumbai
732,Sales,Ankit Verma,Delhi
733,Research & Development,Nikita Khanduri,Bangalore
734,Human Resources,Eklavya Shukla,Mumbai
738,Sales,Ankit Verma,Delhi
741,Research & Development,Nikita Khanduri,Bangalore
742,Research & Development,Nikita Khanduri,Bangalore
743,Research & Development,Nikita Khanduri,Bangalore
744,Research & Development,Nikita Khanduri,Bangalore
746,Sales,Ankit Verma,Delhi
747,Sales,Ankit Verma,Delhi
749,Sales,Ankit Verma,Delhi
752,Research & Development,Nikita Khanduri,Bangalore
754,Sales,Ankit Verma,Delhi
757,Research & Development,Nikita Khanduri,Bangalore
758,Research & Development,Nikita Khanduri,Bangalore
760,Human Resources,Eklavya Shukla,Mumbai
762,Research & Development,Nikita Khanduri,Bangalore
763,Research & Development,Nikita Khanduri,Bangalore
764,Research & Development,Nikita Khanduri,Bangalore
766,Sales,Ankit Verma,Delhi
769,Research & Development,Nikita Khanduri,Bangalore
771,Research & Development,Nikita Khanduri,Bangalore
772,Research & Development,Nikita Khanduri,Bangalore
773,Research & Development,Nikita Khanduri,Bangalore
775,Research & Development,Nikita Khanduri,Bangalore
776,Sales,Ankit Verma,Delhi
780,Research & Development,Nikita Khanduri,Bangalore
781,Sales,Ankit Verma,Delhi
783,Sales,Ankit Verma,Delhi
784,Research & Development,Nikita Khanduri,Bangalore
785,Sales,Ankit Verma,Delhi
786,Sales,Ankit Verma,Delhi
787,Research & Development,Nikita Khanduri,Bangalore
789,Sales,Ankit Verma,Delhi
791,Research & Development,Nikita Khanduri,Bangalore
792,Research & Development,Nikita Khanduri,Bangalore
793,Research & Development,Nikita Khanduri,Bangalore
796,Sales,Ankit Verma,Delhi
797,Research & Development,Nikita Khanduri,Bangalore
799,Research & Development,Nikita Khanduri,Bangalore
800,Sales,Ankit Verma,Delhi
802,Research & Development,Nikita Khanduri,Bangalore
803,Research & Development,Nikita Khanduri,Bangalore
804,Research & Development,Nikita Khanduri,Bangalore
805,Sales,Ankit Verma,Delhi
806,Research & Development,Nikita Khanduri,Bangalore
807,Research & Development,Nikita Khanduri,Bangalore
808,Sales,Ankit Verma,Delhi
809,Research & Development,Nikita Khanduri,Bangalore
811,Research & Development,Nikita Khanduri,Bangalore
812,Research & Development,Nikita Khanduri,Bangalore
813,Research & Development,Nikita Khanduri,Bangalore
815,Research & Development,Nikita Khanduri,Bangalore
816,Research & Development,Nikita Khanduri,Bangalore
817,Research & Development,Nikita Khanduri,Bangalore
819,Sales,Ankit Verma,Delhi
820,Research & Development,Nikita Khanduri,Bangalore
823,Research & Development,Nikita Khanduri,Bangalore
824,Research & Development,Nikita Khanduri,Bangalore
825,Research & Development,Nikita Khanduri,Bangalore
826,Research & Development,Nikita Khanduri,Bangalore
827,Research & Development,Nikita Khanduri,Bangalore
828,Research & Development,Nikita Khanduri,Bangalore
829,Human Resources,Eklavya Shukla,Mumbai
830,Research & Development,Nikita Khanduri,Bangalore
832,Research & Development,Nikita Khanduri,Bangalore
833,Research & Development,Nikita Khanduri,Bangalore
834,Research & Development,Nikita Khanduri,Bangalore
836,Research & Development,Nikita Khanduri,Bangalore
837,Research & Development,Nikita Khanduri,Bangalore
838,Research & Development,Nikita Khanduri,Bangalore
840,Sales,Ankit Verma,Delhi
842,Sales,Ankit Verma,Delhi
843,Research & Development,Nikita Khanduri,Bangalore
844,Research & Development,Nikita Khanduri,Bangalore
845,Research & Development,Nikita Khanduri,Bangalore
846,Sales,Ankit Verma,Delhi
847,Human Resources,Eklavya Shukla,Mumbai
848,Research & Development,Nikita Khanduri,Bangalore
850,Research & Development,Nikita Khanduri,Bangalore
851,Sales,Ankit Verma,Delhi
852,Research & Development,Nikita Khanduri,Bangalore
854,Research & Development,Nikita Khanduri,Bangalore
855,Sales,Ankit Verma,Delhi
856,Research & Development,Nikita Khanduri,Bangalore
857,Sales,Ankit Verma,Delhi
859,Sales,Ankit Verma,Delhi
861,Research & Development,Nikita Khanduri,Bangalore
862,Sales,Ankit Verma,Delhi
864,Sales,Ankit Verma,Delhi
865,Research & Development,Nikita Khanduri,Bangalore
867,Research & Development,Nikita Khanduri,Bangalore
868,Sales,Ankit Verma,Delhi
869,Human Resources,Eklavya Shukla,Mumbai
872,Research & Development,Nikita Khanduri,Bangalore
874,Research & Development,Nikita Khanduri,Bangalore
875,Research & Development,Nikita Khanduri,Bangalore
878,Human Resources,Eklavya Shukla,Mumbai
879,Sales,Ankit Verma,Delhi
880,Research & Development,Nikita Khanduri,Bangalore
881,Research & Development,Nikita Khanduri,Bangalore
882,Research & Development,Nikita Khanduri,Bangalore
885,Sales,Ankit Verma,Delhi
887,Research & Development,Nikita Khanduri,Bangalore
888,Research & Development,Nikita Khanduri,Bangalore
889,Sales,Ankit Verma,Delhi
893,Sales,Ankit Verma,Delhi
894,Research & Development,Nikita Khanduri,Bangalore
895,Research & Development,Nikita Khanduri,Bangalore
896,Sales,Ankit Verma,Delhi
897,Sales,Ankit Verma,Delhi
899,Research & Development,Nikita Khanduri,Bangalore
900,Sales,Ankit Verma,Delhi
901,Research & Development,Nikita Khanduri,Bangalore
902,Research & Development,Nikita Khanduri,Bangalore
903,Sales,Ankit Verma,Delhi
904,Sales,Ankit Verma,Delhi
905,Research & Development,Nikita Khanduri,Bangalore
909,Human Resources,Eklavya Shukla,Mumbai
910,Human Resources,Eklavya Shukla,Mumbai
911,Research & Development,Nikita Khanduri,Bangalore
912,Research & Development,Nikita Khanduri,Bangalore
913,Research & Development,Nikita Khanduri,Bangalore
916,Sales,Ankit Verma,Delhi
918,Research & Development,Nikita Khanduri,Bangalore
920,Research & Development,Nikita Khanduri,Bangalore
922,Sales,Ankit Verma,Delhi
923,Research & Development,Nikita Khanduri,Bangalore
924,Research & Development,Nikita Khanduri,Bangalore
925,Sales,Ankit Verma,Delhi
926,Research & Development,Nikita Khanduri,Bangalore
927,Research & Development,Nikita Khanduri,Bangalore
930,Research & Development,Nikita Khanduri,Bangalore
932,Research & Development,Nikita Khanduri,Bangalore
933,Research & Development,Nikita Khanduri,Bangalore
934,Research & Development,Nikita Khanduri,Bangalore
936,Sales,Ankit Verma,Delhi
939,Research & Development,Nikita Khanduri,Bangalore
940,Research & Development,Nikita Khanduri,Bangalore
941,Sales,Ankit Verma,Delhi
942,Research & Development,Nikita Khanduri,Bangalore
944,Research & Development,Nikita Khanduri,Bangalore
945,Research & Development,Nikita Khanduri,Bangalore
947,Sales,Ankit Verma,Delhi
949,Research & Development,Nikita Khanduri,Bangalore
950,Research & Development,Nikita Khanduri,Bangalore
951,Research & Development,Nikita Khanduri,Bangalore
952,Sales,Ankit Verma,Delhi
954,Sales,Ankit Verma,Delhi
956,Sales,Ankit Verma,Delhi
957,Research & Development,Nikita Khanduri,Bangalore
958,Research & Development,Nikita Khanduri,Bangalore
959,Sales,Ankit Verma,Delhi
960,Research & Development,Nikita Khanduri,Bangalore
961,Research & Development,Nikita Khanduri,Bangalore
964,Research & Development,Nikita Khanduri,Bangalore
966,Research & Development,Nikita Khanduri,Bangalore
967,Sales,Ankit Verma,Delhi
969,Research & Development,Nikita Khanduri,Bangalore
970,Sales,Ankit Verma,Delhi
972,Research & Development,Nikita Khanduri,Bangalore
974,Sales,Ankit Verma,Delhi
975,Sales,Ankit Verma,Delhi
976,Research & Development,Nikita Khanduri,Bangalore
977,Research & Development,Nikita Khanduri,Bangalore
981,Sales,Ankit Verma,Delhi
982,Sales,Ankit Verma,Delhi
983,Sales,Ankit Verma,Delhi
984,Sales,Ankit Verma,Delhi
985,Sales,Ankit Verma,Delhi
986,Sales,Ankit Verma,Delhi
987,Research & Development,Nikita Khanduri,Bangalore
990,Sales,Ankit Verma,Delhi
991,Research & Development,Nikita Khanduri,Bangalore
992,Sales,Ankit Verma,Delhi
994,Research & Development,Nikita Khanduri,Bangalore
995,Research & Development,Nikita Khanduri,Bangalore
996,Research & Development,Nikita Khanduri,Bangalore
997,Research & Development,Nikita Khanduri,Bangalore
998,Research & Development,Nikita Khanduri,Bangalore
999,Research & Development,Nikita Khanduri,Bangalore
1001,Research & Development,Nikita Khanduri,Bangalore
1002,Research & Development,Nikita Khanduri,Bangalore
1003,Sales,Ankit Verma,Delhi
1004,Research & Development,Nikita Khanduri,Bangalore
1005,Research & Development,Nikita Khanduri,Bangalore
1006,Research & Development,Nikita Khanduri,Bangalore
1007,Research & Development,Nikita Khanduri,Bangalore
1009,Research & Development,Nikita Khanduri,Bangalore
1010,Research & Development,Nikita Khanduri,Bangalore
1011,Research & Development,Nikita Khanduri,Bangalore
1012,Research & Development,Nikita Khanduri,Bangalore
1013,Research & Development,Nikita Khanduri,Bangalore
1014,Research & Development,Nikita Khanduri,Bangalore
1015,Research & Development,Nikita Khanduri,Bangalore
1016,Research & Development,Nikita Khanduri,Bangalore
1017,Research & Development,Nikita Khanduri,Bangalore
1018,Research & Development,Nikita Khanduri,Bangalore
1019,Research & Development,Nikita Khanduri,Bangalore
1022,Research & Development,Nikita Khanduri,Bangalore
1024,Research & Development,Nikita Khanduri,Bangalore
1025,Research & Development,Nikita Khanduri,Bangalore
1026,Research & Development,Nikita Khanduri,Bangalore
1027,Research & Development,Nikita Khanduri,Bangalore
1028,Research & Development,Nikita Khanduri,Bangalore
1029,Sales,Ankit Verma,Delhi
1030,Research & Development,Nikita Khanduri,Bangalore
1032,Research & Development,Nikita Khanduri,Bangalore
1033,Research & Development,Nikita Khanduri,Bangalore
1034,Research & Development,Nikita Khanduri,Bangalore
1035,Research & Development,Nikita Khanduri,Bangalore
1036,Sales,Ankit Verma,Delhi
1037,Sales,Ankit Verma,Delhi
1038,Sales,Ankit Verma,Delhi
1039,Sales,Ankit Verma,Delhi
1040,Sales,Ankit Verma,Delhi
1042,Research & Development,Nikita Khanduri,Bangalore
1043,Research & Development,Nikita Khanduri,Bangalore
1044,Sales,Ankit Verma,Delhi
1045,Sales,Ankit Verma,Delhi
1046,Research & Development,Nikita Khanduri,Bangalore
1047,Sales,Ankit Verma,Delhi
1048,Sales,Ankit Verma,Delhi
1049,Human Resources,Eklavya Shukla,Mumbai
1050,Sales,Ankit Verma,Delhi
1052,Research & Development,Nikita Khanduri,Bangalore
1053,Research & Development,Nikita Khanduri,Bangalore
1055,Sales,Ankit Verma,Delhi
1056,Sales,Ankit Verma,Delhi
1060,Research & Development,Nikita Khanduri,Bangalore
1061,Research & Development,Nikita Khanduri,Bangalore
1062,Research & Development,Nikita Khanduri,Bangalore
1066,Sales,Ankit Verma,Delhi
1068,Research & Development,Nikita Khanduri,Bangalore
1069,Research & Development,Nikita Khanduri,Bangalore
1070,Sales,Ankit Verma,Delhi
1071,Research & Development,Nikita Khanduri,Bangalore
1073,Research & Development,Nikita Khanduri,Bangalore
1074,Research & Development,Nikita Khanduri,Bangalore
1076,Sales,Ankit Verma,Delhi
1077,Sales,Ankit Verma,Delhi
1079,Research & Development,Nikita Khanduri,Bangalore
1080,Research & Development,Nikita Khanduri,Bangalore
1081,Research & Development,Nikita Khanduri,Bangalore
1082,Research & Development,Nikita Khanduri,Bangalore
1083,Research & Development,Nikita Khanduri,Bangalore
1084,Research & Development,Nikita Khanduri,Bangalore
1085,Research & Development,Nikita Khanduri,Bangalore
1088,Research & Development,Nikita Khanduri,Bangalore
1092,Research & Development,Nikita Khanduri,Bangalore
1094,Research & Development,Nikita Khanduri,Bangalore
1096,Research & Development,Nikita Khanduri,Bangalore
1097,Research & Development,Nikita Khanduri,Bangalore
1098,Human Resources,Eklavya Shukla,Mumbai
1099,Research & Development,Nikita Khanduri,Bangalore
1100,Sales,Ankit Verma,Delhi
1101,Research & Development,Nikita Khanduri,Bangalore
1102,Research & Development,Nikita Khanduri,Bangalore
1103,Research & Development,Nikita Khanduri,Bangalore
1105,Sales,Ankit Verma,Delhi
1106,Research & Development,Nikita Khanduri,Bangalore
1107,Research & Development,Nikita Khanduri,Bangalore
1108,Research & Development,Nikita Khanduri,Bangalore
1109,Research & Development,Nikita Khanduri,Bangalore
1111,Research & Development,Nikita Khanduri,Bangalore
1113,Sales,Ankit Verma,Delhi
1114,Sales,Ankit Verma,Delhi
1115,Research & Development,Nikita Khanduri,Bangalore
1116,Research & Development,Nikita Khanduri,Bangalore
1117,Sales,Ankit Verma,Delhi
1118,Research & Development,Nikita Khanduri,Bangalore
1119,Sales,Ankit Verma,Delhi
1120,Research & Development,Nikita Khanduri,Bangalore
1121,Research & Development,Nikita Khanduri,Bangalore
1124,Sales,Ankit Verma,Delhi
1125,Sales,Ankit Verma,Delhi
1126,Research & Development,Nikita Khanduri,Bangalore
1127,Research & Development,Nikita Khanduri,Bangalore
1128,Research & Development,Nikita Khanduri,Bangalore
1131,Research & Development,Nikita Khanduri,Bangalore
1132,Research & Development,Nikita Khanduri,Bangalore
1133,Research & Development,Nikita Khanduri,Bangalore
1135,Sales,Ankit Verma,Delhi
1136,Research & Development,Nikita Khanduri,Bangalore
1137,Sales,Ankit Verma,Delhi
1138,Sales,Ankit Verma,Delhi
1140,Research & Development,Nikita Khanduri,Bangalore
1143,Research & Development,Nikita Khanduri,Bangalore
1148,Research & Development,Nikita Khanduri,Bangalore
1150,Research & Development,Nikita Khanduri,Bangalore
1152,Human Resources,Eklavya Shukla,Mumbai
1154,Research & Development,Nikita Khanduri,Bangalore
1156,Research & Development,Nikita Khanduri,Bangalore
1157,Sales,Ankit Verma,Delhi
1158,Research & Development,Nikita Khanduri,Bangalore
1160,Research & Development,Nikita Khanduri,Bangalore
1161,Research & Development,Nikita Khanduri,Bangalore
1162,Research & Development,Nikita Khanduri,Bangalore
1163,Sales,Ankit Verma,Delhi
1164,Human Resources,Eklavya Shukla,Mumbai
1165,Sales,Ankit Verma,Delhi
1166,Research & Development,Nikita Khanduri,Bangalore
1167,Sales,Ankit Verma,Delhi
1171,Sales,Ankit Verma,Delhi
1172,Research & Development,Nikita Khanduri,Bangalore
1173,Research & Development,Nikita Khanduri,Bangalore
1175,Research & Development,Nikita Khanduri,Bangalore
1177,Research & Development,Nikita Khanduri,Bangalore
1179,Sales,Ankit Verma,Delhi
1180,Research & Development,Nikita Khanduri,Bangalore
1182,Research & Development,Nikita Khanduri,Bangalore
1184,Research & Development,Nikita Khanduri,Bangalore
1185,Research & Development,Nikita Khanduri,Bangalore
1188,Sales,Ankit Verma,Delhi
1190,Sales,Ankit Verma,Delhi
1191,Research & Development,Nikita Khanduri,Bangalore
1192,Research & Development,Nikita Khanduri,Bangalore
1193,Research & Development,Nikita Khanduri,Bangalore
1195,Research & Development,Nikita Khanduri,Bangalore
1196,Research & Development,Nikita Khanduri,Bangalore
1198,Research & Development,Nikita Khanduri,Bangalore
1200,Research & Development,Nikita Khanduri,Bangalore
1201,Research & Development,Nikita Khanduri,Bangalore
1202,Research & Development,Nikita Khanduri,Bangalore
1203,Research & Development,Nikita Khanduri,Bangalore
1204,Sales,Ankit Verma,Delhi
1206,Research & Development,Nikita Khanduri,Bangalore
1207,Human Resources,Eklavya Shukla,Mumbai
1210,Research & Development,Nikita Khanduri,Bangalore
1211,Sales,Ankit Verma,Delhi
1212,Sales,Ankit Verma,Delhi
1215,Research & Development,Nikita Khanduri,Bangalore
1216,Research & Development,Nikita Khanduri,Bangalore
1217,Research & Development,Nikita Khanduri,Bangalore
1218,Sales,Ankit Verma,Delhi
1219,Research & Development,Nikita Khanduri,Bangalore
1220,Sales,Ankit Verma,Delhi
1221,Research & Development,Nikita Khanduri,Bangalore
1224,Research & Development,Nikita Khanduri,Bangalore
1225,Research & Development,Nikita Khanduri,Bangalore
1226,Sales,Ankit Verma,Delhi
1228,Research & Development,Nikita Khanduri,Bangalore
1231,Human Resources,Eklavya Shukla,Mumbai
1233,Sales,Ankit Verma,Delhi
1234,Research & Development,Nikita Khanduri,Bangalore
1235,Research & Development,Nikita Khanduri,Bangalore
1237,Research & Development,Nikita Khanduri,Bangalore
1238,Research & Development,Nikita Khanduri,Bangalore
1239,Sales,Ankit Verma,Delhi
1240,Sales,Ankit Verma,Delhi
1241,Research & Development,Nikita Khanduri,Bangalore
1242,Research & Development,Nikita Khanduri,Bangalore
1243,Sales,Ankit Verma,Delhi
1244,Research & Development,Nikita Khanduri,Bangalore
1245,Research & Development,Nikita Khanduri,Bangalore
1246,Research & Development,Nikita Khanduri,Bangalore
1248,Research & Development,Nikita Khanduri,Bangalore
1249,Research & Development,Nikita Khanduri,Bangalore
1250,Research & Development,Nikita Khanduri,Bangalore
1251,Research & Development,Nikita Khanduri,Bangalore
1252,Research & Development,Nikita Khanduri,Bangalore
1254,Sales,Ankit Verma,Delhi
1255,Research & Development,Nikita Khanduri,Bangalore
1256,Research & Development,Nikita Khanduri,Bangalore
1257,Research & Development,Nikita Khanduri,Bangalore
1258,Research & Development,Nikita Khanduri,Bangalore
1259,Research & Development,Nikita Khanduri,Bangalore
1260,Research & Development,Nikita Khanduri,Bangalore
1263,Research & Development,Nikita Khanduri,Bangalore
1264,Research & Development,Nikita Khanduri,Bangalore
1265,Research & Development,Nikita Khanduri,Bangalore
1267,Sales,Ankit Verma,Delhi
1268,Sales,Ankit Verma,Delhi
1269,Research & Development,Nikita Khanduri,Bangalore
1270,Research & Development,Nikita Khanduri,Bangalore
1273,Sales,Ankit Verma,Delhi
1275,Research & Development,Nikita Khanduri,Bangalore
1277,Sales,Ankit Verma,Delhi
1278,Research & Development,Nikita Khanduri,Bangalore
1279,Research & Development,Nikita Khanduri,Bangalore
1280,Sales,Ankit Verma,Delhi
1281,Sales,Ankit Verma,Delhi
1282,Sales,Ankit Verma,Delhi
1283,Research & Development,Nikita Khanduri,Bangalore
1285,Research & Development,Nikita Khanduri,Bangalore
1286,Research & Development,Nikita Khanduri,Bangalore
1288,Research & Development,Nikita Khanduri,Bangalore
1289,Human Resources,Eklavya Shukla,Mumbai
1291,Research & Development,Nikita Khanduri,Bangalore
1292,Research & Development,Nikita Khanduri,Bangalore
1293,Sales,Ankit Verma,Delhi
1294,Research & Development,Nikita Khanduri,Bangalore
1295,Research & Development,Nikita Khanduri,Bangalore
1296,Research & Development,Nikita Khanduri,Bangalore
1297,Research & Development,Nikita Khanduri,Bangalore
1298,Research & Development,Nikita Khanduri,Bangalore
1299,Research & Development,Nikita Khanduri,Bangalore
1301,Research & Development,Nikita Khanduri,Bangalore
1303,Research & Development,Nikita Khanduri,Bangalore
1304,Sales,Ankit Verma,Delhi
1306,Research & Development,Nikita Khanduri,Bangalore
1307,Research & Development,Nikita Khanduri,Bangalore
1308,Research & Development,Nikita Khanduri,Bangalore
1309,Research & Development,Nikita Khanduri,Bangalore
1310,Research & Development,Nikita Khanduri,Bangalore
1311,Research & Development,Nikita Khanduri,Bangalore
1312,Research & Development,Nikita Khanduri,Bangalore
1314,Human Resources,Eklavya Shukla,Mumbai
1315,Research & Development,Nikita Khanduri,Bangalore
1317,Research & Development,Nikita Khanduri,Bangalore
1318,Sales,Ankit Verma,Delhi
1319,Sales,Ankit Verma,Delhi
1321,Research & Development,Nikita Khanduri,Bangalore
1322,Research & Development,Nikita Khanduri,Bangalore
1324,Sales,Ankit Verma,Delhi
1329,Sales,Ankit Verma,Delhi
1331,Sales,Ankit Verma,Delhi
1333,Research & Development,Nikita Khanduri,Bangalore
1334,Research & Development,Nikita Khanduri,Bangalore
1336,Research & Development,Nikita Khanduri,Bangalore
1338,Human Resources,Eklavya Shukla,Mumbai
1340,Research & Development,Nikita Khanduri,Bangalore
1344,Research & Development,Nikita Khanduri,Bangalore
1346,Research & Development,Nikita Khanduri,Bangalore
1349,Sales,Ankit Verma,Delhi
1350,Research & Development,Nikita Khanduri,Bangalore
1352,Human Resources,Eklavya Shukla,Mumbai
1355,Sales,Ankit Verma,Delhi
1356,Sales,Ankit Verma,Delhi
1358,Research & Development,Nikita Khanduri,Bangalore
1360,Research & Development,Nikita Khanduri,Bangalore
1361,Research & Development,Nikita Khanduri,Bangalore
1362,Sales,Ankit Verma,Delhi
1363,Research & Development,Nikita Khanduri,Bangalore
1364,Sales,Ankit Verma,Delhi
1367,Research & Development,Nikita Khanduri,Bangalore
1368,Research & Development,Nikita Khanduri,Bangalore
1369,Research & Development,Nikita Khanduri,Bangalore
1371,Sales,Ankit Verma,Delhi
1372,Sales,Ankit Verma,Delhi
1373,Research & Development,Nikita Khanduri,Bangalore
1374,Research & Development,Nikita Khanduri,Bangalore
1375,Research & Development,Nikita Khanduri,Bangalore
1377,Research & Development,Nikita Khanduri,Bangalore
1379,Sales,Ankit Verma,Delhi
1380,Sales,Ankit Verma,Delhi
1382,Research & Development,Nikita Khanduri,Bangalore
1383,Research & Development,Nikita Khanduri,Bangalore
1387,Sales,Ankit Verma,Delhi
1389,Research & Development,Nikita Khanduri,Bangalore
1390,Sales,Ankit Verma,Delhi
1391,Sales,Ankit Verma,Delhi
1392,Research & Development,Nikita Khanduri,Bangalore
1394,Research & Development,Nikita Khanduri,Bangalore
1395,Sales,Ankit Verma,Delhi
1396,Sales,Ankit Verma,Delhi
1397,Research & Development,Nikita Khanduri,Bangalore
1399,Sales,Ankit Verma,Delhi
1401,Research & Development,Nikita Khanduri,Bangalore
1402,Research & Development,Nikita Khanduri,Bangalore
1403,Sales,Ankit Verma,Delhi
1405,Research & Development,Nikita Khanduri,Bangalore
1407,Research & Development,Nikita Khanduri,Bangalore
1408,Human Resources,Eklavya Shukla,Mumbai
1409,Research & Development,Nikita Khanduri,Bangalore
1411,Research & Development,Nikita Khanduri,Bangalore
1412,Research & Development,Nikita Khanduri,Bangalore
1415,Research & Development,Nikita Khanduri,Bangalore
1417,Research & Development,Nikita Khanduri,Bangalore
1419,Human Resources,Eklavya Shukla,Mumbai
1420,Research & Development,Nikita Khanduri,Bangalore
1421,Research & Development,Nikita Khanduri,Bangalore
1422,Research & Development,Nikita Khanduri,Bangalore
1423,Research & Development,Nikita Khanduri,Bangalore
1424,Research & Development,Nikita Khanduri,Bangalore
1425,Sales,Ankit Verma,Delhi
1427,Sales,Ankit Verma,Delhi
1428,Sales,Ankit Verma,Delhi
1430,Research & Development,Nikita Khanduri,Bangalore
1431,Research & Development,Nikita Khanduri,Bangalore
1433,Research & Development,Nikita Khanduri,Bangalore
1434,Research & Development,Nikita Khanduri,Bangalore
1435,Research & Development,Nikita Khanduri,Bangalore
1436,Sales,Ankit Verma,Delhi
1438,Research & Development,Nikita Khanduri,Bangalore
1439,Sales,Ankit Verma,Delhi
1440,Research & Development,Nikita Khanduri,Bangalore
1441,Research & Development,Nikita Khanduri,Bangalore
1443,Research & Development,Nikita Khanduri,Bangalore
1445,Sales,Ankit Verma,Delhi
1446,Sales,Ankit Verma,Delhi
1447,Research & Development,Nikita Khanduri,Bangalore
1448,Research & Development,Nikita Khanduri,Bangalore
1449,Research & Development,Nikita Khanduri,Bangalore
1453,Sales,Ankit Verma,Delhi
1457,Sales,Ankit Verma,Delhi
1458,Research & Development,Nikita Khanduri,Bangalore
1459,Research & Development,Nikita Khanduri,Bangalore
1460,Research & Development,Nikita Khanduri,Bangalore
1461,Human Resources,Eklavya Shukla,Mumbai
1464,Research & Development,Nikita Khanduri,Bangalore
1465,Research & Development,Nikita Khanduri,Bangalore
1466,Sales,Ankit Verma,Delhi
1467,Human Resources,Eklavya Shukla,Mumbai
1468,Research & Development,Nikita Khanduri,Bangalore
1469,Sales,Ankit Verma,Delhi
1471,Research & Development,Nikita Khanduri,Bangalore
1472,Research & Development,Nikita Khanduri,Bangalore
1473,Research & Development,Nikita Khanduri,Bangalore
1474,Research & Development,Nikita Khanduri,Bangalore
1475,Research & Development,Nikita Khanduri,Bangalore
1477,Sales,Ankit Verma,Delhi
1478,Sales,Ankit Verma,Delhi
1479,Sales,Ankit Verma,Delhi
1480,Research & Development,Nikita Khanduri,Bangalore
1481,Sales,Ankit Verma,Delhi
1482,Research & Development,Nikita Khanduri,Bangalore
1483,Research & Development,Nikita Khanduri,Bangalore
1484,Research & Development,Nikita Khanduri,Bangalore
1485,Research & Development,Nikita Khanduri,Bangalore
1486,Sales,Ankit Verma,Delhi
1487,Sales,Ankit Verma,Delhi
1489,Sales,Ankit Verma,Delhi
1492,Sales,Ankit Verma,Delhi
1494,Research & Development,Nikita Khanduri,Bangalore
1495,Sales,Ankit Verma,Delhi
1496,Research & Development,Nikita Khanduri,Bangalore
1497,Sales,Ankit Verma,Delhi
1499,Human Resources,Eklavya Shukla,Mumbai
1501,Research & Development,Nikita Khanduri,Bangalore
1502,Research & Development,Nikita Khanduri,Bangalore
1503,Sales,Ankit Verma,Delhi
1504,Research & Development,Nikita Khanduri,Bangalore
1506,Research & Development,Nikita Khanduri,Bangalore
1507,Sales,Ankit Verma,Delhi
1509,Research & Development,Nikita Khanduri,Bangalore
1513,Research & Development,Nikita Khanduri,Bangalore
1514,Research & Development,Nikita Khanduri,Bangalore
1515,Research & Development,Nikita Khanduri,Bangalore
1516,Research & Development,Nikita Khanduri,Bangalore
1520,Research & Development,Nikita Khanduri,Bangalore
1522,Research & Development,Nikita Khanduri,Bangalore
1523,Research & Development,Nikita Khanduri,Bangalore
1525,Research & Development,Nikita Khanduri,Bangalore
1527,Sales,Ankit Verma,Delhi
1529,Research & Development,Nikita Khanduri,Bangalore
1533,Research & Development,Nikita Khanduri,Bangalore
1534,Research & Development,Nikita Khanduri,Bangalore
1535,Sales,Ankit Verma,Delhi
1537,Research & Development,Nikita Khanduri,Bangalore
1539,Research & Development,Nikita Khanduri,Bangalore
1541,Sales,Ankit Verma,Delhi
1542,Research & Development,Nikita Khanduri,Bangalore
1543,Research & Development,Nikita Khanduri,Bangalore
1544,Research & Development,Nikita Khanduri,Bangalore
1545,Research & Development,Nikita Khanduri,Bangalore
1546,Research & Development,Nikita Khanduri,Bangalore
1547,Research & Development,Nikita Khanduri,Bangalore
1548,Sales,Ankit Verma,Delhi
1549,Research & Development,Nikita Khanduri,Bangalore
1550,Human Resources,Eklavya Shukla,Mumbai
1551,Research & Development,Nikita Khanduri,Bangalore
1552,Research & Development,Nikita Khanduri,Bangalore
1553,Research & Development,Nikita Khanduri,Bangalore
1554,Sales,Ankit Verma,Delhi
1555,Research & Development,Nikita Khanduri,Bangalore
1556,Sales,Ankit Verma,Delhi
1557,Sales,Ankit Verma,Delhi
1558,Research & Development,Nikita Khanduri,Bangalore
1560,Sales,Ankit Verma,Delhi
1562,Sales,Ankit Verma,Delhi
1563,Human Resources,Eklavya Shukla,Mumbai
1564,Research & Development,Nikita Khanduri,Bangalore
1568,Sales,Ankit Verma,Delhi
1569,Research & Development,Nikita Khanduri,Bangalore
1572,Research & Development,Nikita Khanduri,Bangalore
1573,Research & Development,Nikita Khanduri,Bangalore
1574,Research & Development,Nikita Khanduri,Bangalore
1576,Research & Development,Nikita Khanduri,Bangalore
1577,Research & Development,Nikita Khanduri,Bangalore
1578,Sales,Ankit Verma,Delhi
1580,Research & Development,Nikita Khanduri,Bangalore
1581,Research & Development,Nikita Khanduri,Bangalore
1582,Sales,Ankit Verma,Delhi
1583,Sales,Ankit Verma,Delhi
1585,Sales,Ankit Verma,Delhi
1586,Research & Development,Nikita Khanduri,Bangalore
1587,Research & Development,Nikita Khanduri,Bangalore
1588,Sales,Ankit Verma,Delhi
1590,Research & Development,Nikita Khanduri,Bangalore
1591,Sales,Ankit Verma,Delhi
1592,Research & Development,Nikita Khanduri,Bangalore
1594,Research & Development,Nikita Khanduri,Bangalore
1595,Research & Development,Nikita Khanduri,Bangalore
1596,Research & Development,Nikita Khanduri,Bangalore
1597,Research & Development,Nikita Khanduri,Bangalore
1598,Sales,Ankit Verma,Delhi
1599,Research & Development,Nikita Khanduri,Bangalore
1601,Research & Development,Nikita Khanduri,Bangalore
1602,Sales,Ankit Verma,Delhi
1604,Research & Development,Nikita Khanduri,Bangalore
1605,Research & Development,Nikita Khanduri,Bangalore
1606,Research & Development,Nikita Khanduri,Bangalore
1607,Research & Development,Nikita Khanduri,Bangalore
1608,Research & Development,Nikita Khanduri,Bangalore
1609,Research & Development,Nikita Khanduri,Bangalore
1611,Research & Development,Nikita Khanduri,Bangalore
1612,Sales,Ankit Verma,Delhi
1613,Sales,Ankit Verma,Delhi
1614,Research & Development,Nikita Khanduri,Bangalore
1615,Research & Development,Nikita Khanduri,Bangalore
1617,Research & Development,Nikita Khanduri,Bangalore
1618,Research & Development,Nikita Khanduri,Bangalore
1619,Research & Development,Nikita Khanduri,Bangalore
1621,Research & Development,Nikita Khanduri,Bangalore
1622,Research & Development,Nikita Khanduri,Bangalore
1623,Research & Development,Nikita Khanduri,Bangalore
1624,Sales,Ankit Verma,Delhi
1625,Human Resources,Eklavya Shukla,Mumbai
1627,Research & Development,Nikita Khanduri,Bangalore
1628,Research & Development,Nikita Khanduri,Bangalore
1630,Research & Development,Nikita Khanduri,Bangalore
1631,Research & Development,Nikita Khanduri,Bangalore
1633,Research & Development,Nikita Khanduri,Bangalore
1635,Research & Development,Nikita Khanduri,Bangalore
1638,Research & Development,Nikita Khanduri,Bangalore
1639,Sales,Ankit Verma,Delhi
1640,Research & Development,Nikita Khanduri,Bangalore
1641,Research & Development,Nikita Khanduri,Bangalore
1642,Human Resources,Eklavya Shukla,Mumbai
1644,Research & Development,Nikita Khanduri,Bangalore
1645,Sales,Ankit Verma,Delhi
1646,Research & Development,Nikita Khanduri,Bangalore
1647,Research & Development,Nikita Khanduri,Bangalore
1648,Research & Development,Nikita Khanduri,Bangalore
1649,Research & Development,Nikita Khanduri,Bangalore
1650,Sales,Ankit Verma,Delhi
1651,Research & Development,Nikita Khanduri,Bangalore
1653,Research & Development,Nikita Khanduri,Bangalore
1654,Research & Development,Nikita Khanduri,Bangalore
1655,Research & Development,Nikita Khanduri,Bangalore
1656,Research & Development,Nikita Khanduri,Bangalore
1657,Sales,Ankit Verma,Delhi
1658,Research & Development,Nikita Khanduri,Bangalore
1659,Research & Development,Nikita Khanduri,Bangalore
1661,Research & Development,Nikita Khanduri,Bangalore
1662,Research & Development,Nikita Khanduri,Bangalore
1664,Research & Development,Nikita Khanduri,Bangalore
1665,Research & Development,Nikita Khanduri,Bangalore
1666,Research & Development,Nikita Khanduri,Bangalore
1667,Sales,Ankit Verma,Delhi
1668,Research & Development,Nikita Khanduri,Bangalore
1669,Sales,Ankit Verma,Delhi
1670,Sales,Ankit Verma,Delhi
1671,Research & Development,Nikita Khanduri,Bangalore
1673,Sales,Ankit Verma,Delhi
1674,Research & Development,Nikita Khanduri,Bangalore
1675,Research & Development,Nikita Khanduri,Bangalore
1676,Sales,Ankit Verma,Delhi
1677,Research & Development,Nikita Khanduri,Bangalore
1678,Sales,Ankit Verma,Delhi
1680,Sales,Ankit Verma,Delhi
1681,Sales,Ankit Verma,Delhi
1682,Research & Development,Nikita Khanduri,Bangalore
1683,Human Resources,Eklavya Shukla,Mumbai
1684,Research & Development,Nikita Khanduri,Bangalore
1687,Research & Development,Nikita Khanduri,Bangalore
1689,Research & Development,Nikita Khanduri,Bangalore
1691,Sales,Ankit Verma,Delhi
1692,Research & Development,Nikita Khanduri,Bangalore
1693,Research & Development,Nikita Khanduri,Bangalore
1694,Research & Development,Nikita Khanduri,Bangalore
1696,Research & Development,Nikita Khanduri,Bangalore
1697,Research & Development,Nikita Khanduri,Bangalore
1698,Research & Development,Nikita Khanduri,Bangalore
1700,Sales,Ankit Verma,Delhi
1701,Research & Development,Nikita Khanduri,Bangalore
1702,Sales,Ankit Verma,Delhi
1703,Research & Development,Nikita Khanduri,Bangalore
1704,Research & Development,Nikita Khanduri,Bangalore
1706,Sales,Ankit Verma,Delhi
1707,Research & Development,Nikita Khanduri,Bangalore
1708,Sales,Ankit Verma,Delhi
1709,Research & Development,Nikita Khanduri,Bangalore
1710,Sales,Ankit Verma,Delhi
1712,Research & Development,Nikita Khanduri,Bangalore
1714,Human Resources,Eklavya Shukla,Mumbai
1716,Sales,Ankit Verma,Delhi
1718,Research & Development,Nikita Khanduri,Bangalore
1719,Research & Development,Nikita Khanduri,Bangalore
1720,Research & Development,Nikita Khanduri,Bangalore
1721,Research & Development,Nikita Khanduri,Bangalore
1722,Human Resources,Eklavya Shukla,Mumbai
1724,Research & Development,Nikita Khanduri,Bangalore
1725,Research & Development,Nikita Khanduri,Bangalore
1727,Research & Development,Nikita Khanduri,Bangalore
1728,Research & Development,Nikita Khanduri,Bangalore
1729,Research & Development,Nikita Khanduri,Bangalore
1731,Sales,Ankit Verma,Delhi
1732,Sales,Ankit Verma,Delhi
1733,Sales,Ankit Verma,Delhi
1734,Sales,Ankit Verma,Delhi
1735,Research & Development,Nikita Khanduri,Bangalore
1736,Research & Development,Nikita Khanduri,Bangalore
1737,Research & Development,Nikita Khanduri,Bangalore
1739,Sales,Ankit Verma,Delhi
1740,Sales,Ankit Verma,Delhi
1744,Human Resources,Eklavya Shukla,Mumbai
1745,Research & Development,Nikita Khanduri,Bangalore
1746,Human Resources,Eklavya Shukla,Mumbai
1747,Human Resources,Eklavya Shukla,Mumbai
1749,Sales,Ankit Verma,Delhi
1751,Research & Development,Nikita Khanduri,Bangalore
1752,Sales,Ankit Verma,Delhi
1753,Research & Development,Nikita Khanduri,Bangalore
1754,Sales,Ankit Verma,Delhi
1755,Research & Development,Nikita Khanduri,Bangalore
1756,Sales,Ankit Verma,Delhi
1757,Sales,Ankit Verma,Delhi
1758,Sales,Ankit Verma,Delhi
1760,Research & Development,Nikita Khanduri,Bangalore
1761,Sales,Ankit Verma,Delhi
1762,Research & Development,Nikita Khanduri,Bangalore
1763,Research & Development,Nikita Khanduri,Bangalore
1764,Research & Development,Nikita Khanduri,Bangalore
1766,Research & Development,Nikita Khanduri,Bangalore
1767,Research & Development,Nikita Khanduri,Bangalore
1768,Research & Development,Nikita Khanduri,Bangalore
1770,Research & Development,Nikita Khanduri,Bangalore
1771,Research & Development,Nikita Khanduri,Bangalore
1772,Research & Development,Nikita Khanduri,Bangalore
1774,Sales,Ankit Verma,Delhi
1775,Research & Development,Nikita Khanduri,Bangalore
1778,Human Resources,Eklavya Shukla,Mumbai
1779,Sales,Ankit Verma,Delhi
1780,Sales,Ankit Verma,Delhi
1782,Research & Development,Nikita Khanduri,Bangalore
1783,Research & Development,Nikita Khanduri,Bangalore
1784,Sales,Ankit Verma,Delhi
1786,Research & Development,Nikita Khanduri,Bangalore
1787,Sales,Ankit Verma,Delhi
1789,Research & Development,Nikita Khanduri,Bangalore
1790,Research & Development,Nikita Khanduri,Bangalore
1792,Research & Development,Nikita Khanduri,Bangalore
1794,Human Resources,Eklavya Shukla,Mumbai
1797,Sales,Ankit Verma,Delhi
1798,Research & Development,Nikita Khanduri,Bangalore
1799,Research & Development,Nikita Khanduri,Bangalore
1800,Research & Development,Nikita Khanduri,Bangalore
1801,Sales,Ankit Verma,Delhi
1802,Research & Development,Nikita Khanduri,Bangalore
1803,Research & Development,Nikita Khanduri,Bangalore
1804,Research & Development,Nikita Khanduri,Bangalore
1805,Human Resources,Eklavya Shukla,Mumbai
1807,Research & Development,Nikita Khanduri,Bangalore
1809,Research & Development,Nikita Khanduri,Bangalore
1812,Sales,Ankit Verma,Delhi
1813,Research & Development,Nikita Khanduri,Bangalore
1814,Research & Development,Nikita Khanduri,Bangalore
1815,Sales,Ankit Verma,Delhi
1816,Research & Development,Nikita Khanduri,Bangalore
1818,Human Resources,Eklavya Shukla,Mumbai
1821,Research & Development,Nikita Khanduri,Bangalore
1822,Research & Development,Nikita Khanduri,Bangalore
1823,Sales,Ankit Verma,Delhi
1824,Sales,Ankit Verma,Delhi
1826,Research & Development,Nikita Khanduri,Bangalore
1827,Research & Development,Nikita Khanduri,Bangalore
1829,Research & Development,Nikita Khanduri,Bangalore
1830,Research & Development,Nikita Khanduri,Bangalore
1833,Sales,Ankit Verma,Delhi
1834,Research & Development,Nikita Khanduri,Bangalore
1835,Sales,Ankit Verma,Delhi
1836,Sales,Ankit Verma,Delhi
1837,Research & Development,Nikita Khanduri,Bangalore
1839,Research & Development,Nikita Khanduri,Bangalore
1842,Human Resources,Eklavya Shukla,Mumbai
1844,Human Resources,Eklavya Shukla,Mumbai
1845,Sales,Ankit Verma,Delhi
1847,Research & Development,Nikita Khanduri,Bangalore
1849,Sales,Ankit Verma,Delhi
1850,Research & Development,Nikita Khanduri,Bangalore
1852,Research & Development,Nikita Khanduri,Bangalore
1853,Sales,Ankit Verma,Delhi
1854,Research & Development,Nikita Khanduri,Bangalore
1856,Research & Development,Nikita Khanduri,Bangalore
1857,Research & Development,Nikita Khanduri,Bangalore
1858,Human Resources,Eklavya Shukla,Mumbai
1859,Research & Development,Nikita Khanduri,Bangalore
1860,Research & Development,Nikita Khanduri,Bangalore
1862,Sales,Ankit Verma,Delhi
1863,Sales,Ankit Verma,Delhi
1864,Sales,Ankit Verma,Delhi
1865,Human Resources,Eklavya Shukla,Mumbai
1866,Research & Development,Nikita Khanduri,Bangalore
1867,Research & Development,Nikita Khanduri,Bangalore
1868,Research & Development,Nikita Khanduri,Bangalore
1869,Sales,Ankit Verma,Delhi
1870,Research & Development,Nikita Khanduri,Bangalore
1871,Research & Development,Nikita Khanduri,Bangalore
1873,Research & Development,Nikita Khanduri,Bangalore
1875,Sales,Ankit Verma,Delhi
1876,Sales,Ankit Verma,Delhi
1878,Research & Development,Nikita Khanduri,Bangalore
1880,Sales,Ankit Verma,Delhi
1881,Research & Development,Nikita Khanduri,Bangalore
1882,Sales,Ankit Verma,Delhi
1883,Research & Development,Nikita Khanduri,Bangalore
1885,Research & Development,Nikita Khanduri,Bangalore
1886,Research & Development,Nikita Khanduri,Bangalore
1888,Research & Development,Nikita Khanduri,Bangalore
1890,Human Resources,Eklavya Shukla,Mumbai
1892,Research & Development,Nikita Khanduri,Bangalore
1893,Research & Development,Nikita Khanduri,Bangalore
1898,Sales,Ankit Verma,Delhi
1900,Research & Development,Nikita Khanduri,Bangalore
1903,Research & Development,Nikita Khanduri,Bangalore
1905,Research & Development,Nikita Khanduri,Bangalore
1907,Research & Development,Nikita Khanduri,Bangalore
1908,Sales,Ankit Verma,Delhi
1909,Sales,Ankit Verma,Delhi
1911,Research & Development,Nikita Khanduri,Bangalore
1912,Sales,Ankit Verma,Delhi
1915,Sales,Ankit Verma,Delhi
1916,Research & Development,Nikita Khanduri,Bangalore
1918,Research & Development,Nikita Khanduri,Bangalore
1922,Research & Development,Nikita Khanduri,Bangalore
1924,Sales,Ankit Verma,Delhi
1927,Sales,Ankit Verma,Delhi
1928,Sales,Ankit Verma,Delhi
1929,Sales,Ankit Verma,Delhi
1931,Research & Development,Nikita Khanduri,Bangalore
1932,Research & Development,Nikita Khanduri,Bangalore
1933,Sales,Ankit Verma,Delhi
1934,Research & Development,Nikita Khanduri,Bangalore
1935,Sales,Ankit Verma,Delhi
1936,Research & Development,Nikita Khanduri,Bangalore
1937,Research & Development,Nikita Khanduri,Bangalore
1938,Sales,Ankit Verma,Delhi
1939,Research & Development,Nikita Khanduri,Bangalore
1940,Research & Development,Nikita Khanduri,Bangalore
1941,Research & Development,Nikita Khanduri,Bangalore
1943,Sales,Ankit Verma,Delhi
1944,Human Resources,Eklavya Shukla,Mumbai
1945,Sales,Ankit Verma,Delhi
1947,Research & Development,Nikita Khanduri,Bangalore
1948,Research & Development,Nikita Khanduri,Bangalore
1949,Research & Development,Nikita Khanduri,Bangalore
1950,Sales,Ankit Verma,Delhi
1951,Sales,Ankit Verma,Delhi
1952,Research & Development,Nikita Khanduri,Bangalore
1954,Research & Development,Nikita Khanduri,Bangalore
1955,Research & Development,Nikita Khanduri,Bangalore
1956,Research & Development,Nikita Khanduri,Bangalore
1960,Research & Development,Nikita Khanduri,Bangalore
1961,Sales,Ankit Verma,Delhi
1962,Sales,Ankit Verma,Delhi
1965,Sales,Ankit Verma,Delhi
1966,Research & Development,Nikita Khanduri,Bangalore
1967,Sales,Ankit Verma,Delhi
1968,Sales,Ankit Verma,Delhi
1969,Research & Development,Nikita Khanduri,Bangalore
1970,Research & Development,Nikita Khanduri,Bangalore
1971,Research & Development,Nikita Khanduri,Bangalore
1972,Human Resources,Eklavya Shukla,Mumbai
1973,Human Resources,Eklavya Shukla,Mumbai
1974,Research & Development,Nikita Khanduri,Bangalore
1975,Sales,Ankit Verma,Delhi
1976,Research & Development,Nikita Khanduri,Bangalore
1979,Research & Development,Nikita Khanduri,Bangalore
1980,Research & Development,Nikita Khanduri,Bangalore
1981,Research & Development,Nikita Khanduri,Bangalore
1982,Research & Development,Nikita Khanduri,Bangalore
1985,Research & Development,Nikita Khanduri,Bangalore
1986,Sales,Ankit Verma,Delhi
1987,Human Resources,Eklavya Shukla,Mumbai
1989,Research & Development,Nikita Khanduri,Bangalore
1992,Research & Development,Nikita Khanduri,Bangalore
1993,Research & Development,Nikita Khanduri,Bangalore
1994,Research & Development,Nikita Khanduri,Bangalore
1995,Sales,Ankit Verma,Delhi
1996,Sales,Ankit Verma,Delhi
1997,Research & Development,Nikita Khanduri,Bangalore
1998,Research & Development,Nikita Khanduri,Bangalore
1999,Research & Development,Nikita Khanduri,Bangalore
2000,Research & Development,Nikita Khanduri,Bangalore
2003,Research & Development,Nikita Khanduri,Bangalore
2007,Research & Development,Nikita Khanduri,Bangalore
2008,Research & Development,Nikita Khanduri,Bangalore
2009,Research & Development,Nikita Khanduri,Bangalore
2010,Research & Development,Nikita Khanduri,Bangalore
2012,Research & Development,Nikita Khanduri,Bangalore
2013,Sales,Ankit Verma,Delhi
2014,Research & Development,Nikita Khanduri,Bangalore
2015,Research & Development,Nikita Khanduri,Bangalore
2016,Sales,Ankit Verma,Delhi
2017,Research & Development,Nikita Khanduri,Bangalore
2018,Sales,Ankit Verma,Delhi
2019,Sales,Ankit Verma,Delhi
2020,Research & Development,Nikita Khanduri,Bangalore
2021,Sales,Ankit Verma,Delhi
2022,Research & Development,Nikita Khanduri,Bangalore
2023,Sales,Ankit Verma,Delhi
2024,Sales,Ankit Verma,Delhi
2025,Research & Development,Nikita Khanduri,Bangalore
2026,Research & Development,Nikita Khanduri,Bangalore
2027,Research & Development,Nikita Khanduri,Bangalore
2031,Research & Development,Nikita Khanduri,Bangalore
2032,Research & Development,Nikita Khanduri,Bangalore
2034,Research & Development,Nikita Khanduri,Bangalore
2035,Sales,Ankit Verma,Delhi
2036,Sales,Ankit Verma,Delhi
2037,Sales,Ankit Verma,Delhi
2038,Research & Development,Nikita Khanduri,Bangalore
2040,Human Resources,Eklavya Shukla,Mumbai
2041,Sales,Ankit Verma,Delhi
2044,Sales,Ankit Verma,Delhi
2045,Sales,Ankit Verma,Delhi
2046,Sales,Ankit Verma,Delhi
2048,Research & Development,Nikita Khanduri,Bangalore
2049,Research & Development,Nikita Khanduri,Bangalore
2051,Research & Development,Nikita Khanduri,Bangalore
2052,Research & Development,Nikita Khanduri,Bangalore
2053,Research & Development,Nikita Khanduri,Bangalore
2054,Research & Development,Nikita Khanduri,Bangalore
2055,Sales,Ankit Verma,Delhi
2056,Sales,Ankit Verma,Delhi
2057,Research & Development,Nikita Khanduri,Bangalore
2060,Sales,Ankit Verma,Delhi
2061,Research & Development,Nikita Khanduri,Bangalore
2062,Research & Development,Nikita Khanduri,Bangalore
2064,Research & Development,Nikita Khanduri,Bangalore
2065,Sales,Ankit Verma,Delhi
2068,Research & Development,Nikita Khanduri,Bangalore
